{
  "data": {
    "item": {
      "__typename": "UnknownItem",
      "typename": "UnknownItem",
      "id": "110D559FDEA542EA9C1C8A5DF7E70EF9",
      "path": "/sitecore/content/Home",
      "version": 1,
      "name": "Home",
      "displayName": "Home",
      "hasChildren": false,
      "language": {
        "__typename": "ItemLanguage",
        "name": "en",
        "displayName": "English : English",
        "englishName": "English",
        "nativeName": "English"
      },
      "languages": [
        {
          "language": {
            "__typename": "ItemLanguage",
            "name": "en",
            "displayName": "English : English",
            "englishName": "English",
            "nativeName": "English"
          }
        }
      ],
      "template": {
        "id": "76036F5ECBCE46D1AF0A4143F9B557AA",
        "baseTemplates": []
      },
      "url": {
        "__typename": "ItemUrl",
        "hostName": "localhost",
        "path": "/en/",
        "scheme": "https",
        "siteName": "website",
        "url": "https://localhost/en/"
      },
      "fields": [
        {
          "__typename": "RichTextField",
          "typename": "RichTextField",
          "id": "A60ACD61A6DB41828329C957982CEC74",
          "name": "Text",
          "value": "\u003Cp style=\u0022line-height: 22px;\u0022\u003EFrom a single connected platform that also integrates with other customer-facing platforms, to a single view of the customer in a big data marketing repository, to completely eliminating much of the complexity that has previously held marketers back, the latest version of Sitecore makes customer experience highly achievable. Learn how the latest version of Sitecore gives marketers the complete data, integrated tools, and automation capabilities to engage customers throughout an iterative lifecycle \u0026ndash; the technology foundation absolutely necessary to win customers for life.\u003C/p\u003E\n\u003Cp\u003EFor further information, please go to the \u003Ca href=\u0022https://doc.sitecore.net/\u0022 target=\u0022_blank\u0022 title=\u0022Sitecore Documentation site\u0022\u003ESitecore Documentation site\u003C/a\u003E\u003C/p\u003E\r",
          "jsonValue": {
            "value": "\u003Cp style=\u0022line-height: 22px;\u0022\u003EFrom a single connected platform that also integrates with other customer-facing platforms, to a single view of the customer in a big data marketing repository, to completely eliminating much of the complexity that has previously held marketers back, the latest version of Sitecore makes customer experience highly achievable. Learn how the latest version of Sitecore gives marketers the complete data, integrated tools, and automation capabilities to engage customers throughout an iterative lifecycle \u0026ndash; the technology foundation absolutely necessary to win customers for life.\u003C/p\u003E\n\u003Cp\u003EFor further information, please go to the \u003Ca href=\u0022https://doc.sitecore.net/\u0022 target=\u0022_blank\u0022 title=\u0022Sitecore Documentation site\u0022\u003ESitecore Documentation site\u003C/a\u003E\u003C/p\u003E\r"
          },
          "definition": {
            "__typename": "ItemTemplateField",
            "id": "A60ACD61A6DB41828329C957982CEC74",
            "type": "Rich Text",
            "name": "Text",
            "section": "Data",
            "sectionSortOrder": 100,
            "shared": false,
            "sortOrder": 200,
            "source": "/sitecore/system/Settings/Html Editor Profiles/Rich Text Default",
            "title": "Text",
            "unversioned": false
          }
        },
        {
          "__typename": "TextField",
          "typename": "TextField",
          "id": "755773843C9745DAA84781B00500E250",
          "name": "Title",
          "value": "Sitecore Experience Platform",
          "jsonValue": {
            "value": "Sitecore Experience Platform"
          },
          "definition": {
            "__typename": "ItemTemplateField",
            "id": "755773843C9745DAA84781B00500E250",
            "type": "Single-Line Text",
            "name": "Title",
            "section": "Data",
            "sectionSortOrder": 100,
            "shared": false,
            "sortOrder": 100,
            "source": "",
            "title": "Title",
            "unversioned": false
          }
        },
        {
          "__typename": "TextField",
          "typename": "TextField",
          "id": "BA3F86A24A1C4D78B63D91C2779C1B5E",
          "name": "__Sortorder",
          "value": "-1",
          "jsonValue": {
            "value": "-1"
          },
          "definition": {
            "__typename": "ItemTemplateField",
            "id": "BA3F86A24A1C4D78B63D91C2779C1B5E",
            "type": "Single-Line Text",
            "name": "__Sortorder",
            "section": "Appearance",
            "sectionSortOrder": 999999,
            "shared": true,
            "sortOrder": 998899,
            "source": "",
            "title": "Sortorder",
            "unversioned": false
          }
        },
        {
          "__typename": "DateField",
          "typename": "DateField",
          "id": "25BED78C49574165998ACA1B52F67497",
          "name": "__Created",
          "value": "20080407T105900Z",
          "jsonValue": {
            "value": "2008-04-07T10:59:00Z"
          },
          "definition": {
            "__typename": "ItemTemplateField",
            "id": "25BED78C49574165998ACA1B52F67497",
            "type": "Datetime",
            "name": "__Created",
            "section": "Statistics",
            "sectionSortOrder": 999999,
            "shared": false,
            "sortOrder": 100,
            "source": "",
            "title": "Created",
            "unversioned": false
          }
        },
        {
          "__typename": "DateField",
          "typename": "DateField",
          "id": "D9CF14B1FA164BA69288E8A174D4D522",
          "name": "__Updated",
          "value": "20151109T083058Z",
          "jsonValue": {
            "value": "2015-11-09T08:30:58Z"
          },
          "definition": {
            "__typename": "ItemTemplateField",
            "id": "D9CF14B1FA164BA69288E8A174D4D522",
            "type": "Datetime",
            "name": "__Updated",
            "section": "Statistics",
            "sectionSortOrder": 999999,
            "shared": false,
            "sortOrder": 400,
            "source": "",
            "title": "Updated",
            "unversioned": false
          }
        },
        {
          "__typename": "MultilistField",
          "typename": "MultilistField",
          "id": "A14F1B0C438449EC879028A440F3670C",
          "name": "__Semantics",
          "value": "",
          "jsonValue": [],
          "definition": {
            "__typename": "ItemTemplateField",
            "id": "A14F1B0C438449EC879028A440F3670C",
            "type": "Multilist with Search",
            "name": "__Semantics",
            "section": "Tagging",
            "sectionSortOrder": 999999,
            "shared": false,
            "sortOrder": 100,
            "source": "StartSearchLocation={154D56CC-0DE2-43C7-BBC0-A25BD7FFD901}\u0026Filter=_path:154d56cc0de243c7bbc0a25bd7ffd901|-_group:154d56cc0de243c7bbc0a25bd7ffd901",
            "title": "Semantics",
            "unversioned": false
          }
        }
      ],
      "parent": {
        "__typename": "UnknownItem",
        "typename": "UnknownItem",
        "id": "0DE95AE441AB4D019EB067441B7C2450",
        "path": "/sitecore/content",
        "version": 1,
        "name": "content",
        "displayName": "Content",
        "hasChildren": true,
        "language": {
          "__typename": "ItemLanguage",
          "name": "en",
          "displayName": "English : English",
          "englishName": "English",
          "nativeName": "English"
        },
        "languages": [
          {
            "language": {
              "__typename": "ItemLanguage",
              "name": "en",
              "displayName": "English : English",
              "englishName": "English",
              "nativeName": "English"
            }
          }
        ],
        "template": {
          "id": "E3E2D58CDF954230ADC9279924CECE84",
          "baseTemplates": []
        },
        "url": {
          "__typename": "ItemUrl",
          "hostName": "localhost",
          "path": "/en/",
          "scheme": "https",
          "siteName": "website",
          "url": "https://localhost/en/"
        },
        "fields": [
          {
            "__typename": "TextField",
            "typename": "TextField",
            "id": "BA3F86A24A1C4D78B63D91C2779C1B5E",
            "name": "__Sortorder",
            "value": "",
            "jsonValue": {
              "value": ""
            },
            "definition": {
              "__typename": "ItemTemplateField",
              "id": "BA3F86A24A1C4D78B63D91C2779C1B5E",
              "type": "Single-Line Text",
              "name": "__Sortorder",
              "section": "Appearance",
              "sectionSortOrder": 999999,
              "shared": true,
              "sortOrder": 998899,
              "source": "",
              "title": "Sortorder",
              "unversioned": false
            }
          },
          {
            "__typename": "DateField",
            "typename": "DateField",
            "id": "25BED78C49574165998ACA1B52F67497",
            "name": "__Created",
            "value": "20080818T154900",
            "jsonValue": {
              "value": "2008-08-18T15:49:00Z"
            },
            "definition": {
              "__typename": "ItemTemplateField",
              "id": "25BED78C49574165998ACA1B52F67497",
              "type": "Datetime",
              "name": "__Created",
              "section": "Statistics",
              "sectionSortOrder": 999999,
              "shared": false,
              "sortOrder": 100,
              "source": "",
              "title": "Created",
              "unversioned": false
            }
          },
          {
            "__typename": "DateField",
            "typename": "DateField",
            "id": "D9CF14B1FA164BA69288E8A174D4D522",
            "name": "__Updated",
            "value": "20221128T074116Z",
            "jsonValue": {
              "value": "2022-11-28T07:41:16Z"
            },
            "definition": {
              "__typename": "ItemTemplateField",
              "id": "D9CF14B1FA164BA69288E8A174D4D522",
              "type": "Datetime",
              "name": "__Updated",
              "section": "Statistics",
              "sectionSortOrder": 999999,
              "shared": false,
              "sortOrder": 400,
              "source": "",
              "title": "Updated",
              "unversioned": false
            }
          },
          {
            "__typename": "MultilistField",
            "typename": "MultilistField",
            "id": "A14F1B0C438449EC879028A440F3670C",
            "name": "__Semantics",
            "value": "",
            "jsonValue": [],
            "definition": {
              "__typename": "ItemTemplateField",
              "id": "A14F1B0C438449EC879028A440F3670C",
              "type": "Multilist with Search",
              "name": "__Semantics",
              "section": "Tagging",
              "sectionSortOrder": 999999,
              "shared": false,
              "sortOrder": 100,
              "source": "StartSearchLocation={154D56CC-0DE2-43C7-BBC0-A25BD7FFD901}\u0026Filter=_path:154d56cc0de243c7bbc0a25bd7ffd901|-_group:154d56cc0de243c7bbc0a25bd7ffd901",
              "title": "Semantics",
              "unversioned": false
            }
          }
        ]
      },
      "children": {
        "pageInfo": {
          "hasNext": false,
          "endCursor": null
        },
        "total": 0,
        "results": []
      },
      "ancestors": [
        {
          "__typename": "UnknownItem",
          "typename": "UnknownItem",
          "id": "0DE95AE441AB4D019EB067441B7C2450",
          "path": "/sitecore/content",
          "version": 1,
          "name": "content",
          "displayName": "Content",
          "hasChildren": true,
          "language": {
            "__typename": "ItemLanguage",
            "name": "en",
            "displayName": "English : English",
            "englishName": "English",
            "nativeName": "English"
          },
          "languages": [
            {
              "language": {
                "__typename": "ItemLanguage",
                "name": "en",
                "displayName": "English : English",
                "englishName": "English",
                "nativeName": "English"
              }
            }
          ],
          "template": {
            "id": "E3E2D58CDF954230ADC9279924CECE84",
            "baseTemplates": []
          },
          "url": {
            "__typename": "ItemUrl",
            "hostName": "localhost",
            "path": "/en/",
            "scheme": "https",
            "siteName": "website",
            "url": "https://localhost/en/"
          },
          "fields": [
            {
              "__typename": "TextField",
              "typename": "TextField",
              "id": "BA3F86A24A1C4D78B63D91C2779C1B5E",
              "name": "__Sortorder",
              "value": "",
              "jsonValue": {
                "value": ""
              },
              "definition": {
                "__typename": "ItemTemplateField",
                "id": "BA3F86A24A1C4D78B63D91C2779C1B5E",
                "type": "Single-Line Text",
                "name": "__Sortorder",
                "section": "Appearance",
                "sectionSortOrder": 999999,
                "shared": true,
                "sortOrder": 998899,
                "source": "",
                "title": "Sortorder",
                "unversioned": false
              }
            },
            {
              "__typename": "DateField",
              "typename": "DateField",
              "id": "25BED78C49574165998ACA1B52F67497",
              "name": "__Created",
              "value": "20080818T154900",
              "jsonValue": {
                "value": "2008-08-18T15:49:00Z"
              },
              "definition": {
                "__typename": "ItemTemplateField",
                "id": "25BED78C49574165998ACA1B52F67497",
                "type": "Datetime",
                "name": "__Created",
                "section": "Statistics",
                "sectionSortOrder": 999999,
                "shared": false,
                "sortOrder": 100,
                "source": "",
                "title": "Created",
                "unversioned": false
              }
            },
            {
              "__typename": "DateField",
              "typename": "DateField",
              "id": "D9CF14B1FA164BA69288E8A174D4D522",
              "name": "__Updated",
              "value": "20221128T074116Z",
              "jsonValue": {
                "value": "2022-11-28T07:41:16Z"
              },
              "definition": {
                "__typename": "ItemTemplateField",
                "id": "D9CF14B1FA164BA69288E8A174D4D522",
                "type": "Datetime",
                "name": "__Updated",
                "section": "Statistics",
                "sectionSortOrder": 999999,
                "shared": false,
                "sortOrder": 400,
                "source": "",
                "title": "Updated",
                "unversioned": false
              }
            },
            {
              "__typename": "MultilistField",
              "typename": "MultilistField",
              "id": "A14F1B0C438449EC879028A440F3670C",
              "name": "__Semantics",
              "value": "",
              "jsonValue": [],
              "definition": {
                "__typename": "ItemTemplateField",
                "id": "A14F1B0C438449EC879028A440F3670C",
                "type": "Multilist with Search",
                "name": "__Semantics",
                "section": "Tagging",
                "sectionSortOrder": 999999,
                "shared": false,
                "sortOrder": 100,
                "source": "StartSearchLocation={154D56CC-0DE2-43C7-BBC0-A25BD7FFD901}\u0026Filter=_path:154d56cc0de243c7bbc0a25bd7ffd901|-_group:154d56cc0de243c7bbc0a25bd7ffd901",
                "title": "Semantics",
                "unversioned": false
              }
            }
          ]
        },
        {
          "__typename": "UnknownItem",
          "typename": "UnknownItem",
          "id": "11111111111111111111111111111111",
          "path": "/sitecore",
          "version": 1,
          "name": "sitecore",
          "displayName": "sitecore",
          "hasChildren": true,
          "language": {
            "__typename": "ItemLanguage",
            "name": "en",
            "displayName": "English : English",
            "englishName": "English",
            "nativeName": "English"
          },
          "languages": [
            {
              "language": {
                "__typename": "ItemLanguage",
                "name": "en",
                "displayName": "English : English",
                "englishName": "English",
                "nativeName": "English"
              }
            }
          ],
          "template": {
            "id": "C6576836910C4A3DBA03C277DBD3B827",
            "baseTemplates": []
          },
          "url": {
            "__typename": "ItemUrl",
            "hostName": "localhost",
            "path": "/en/sitecore",
            "scheme": "https",
            "siteName": "system",
            "url": "https://localhost/en/sitecore"
          },
          "fields": [
            {
              "__typename": "TextField",
              "typename": "TextField",
              "id": "BA3F86A24A1C4D78B63D91C2779C1B5E",
              "name": "__Sortorder",
              "value": "",
              "jsonValue": {
                "value": ""
              },
              "definition": {
                "__typename": "ItemTemplateField",
                "id": "BA3F86A24A1C4D78B63D91C2779C1B5E",
                "type": "Single-Line Text",
                "name": "__Sortorder",
                "section": "Appearance",
                "sectionSortOrder": 999999,
                "shared": true,
                "sortOrder": 998899,
                "source": "",
                "title": "Sortorder",
                "unversioned": false
              }
            },
            {
              "__typename": "DateField",
              "typename": "DateField",
              "id": "25BED78C49574165998ACA1B52F67497",
              "name": "__Created",
              "value": "20080513T165846:633462947260338874",
              "jsonValue": {
                "value": "2008-05-13T16:58:46.0338874Z"
              },
              "definition": {
                "__typename": "ItemTemplateField",
                "id": "25BED78C49574165998ACA1B52F67497",
                "type": "Datetime",
                "name": "__Created",
                "section": "Statistics",
                "sectionSortOrder": 999999,
                "shared": false,
                "sortOrder": 100,
                "source": "",
                "title": "Created",
                "unversioned": false
              }
            },
            {
              "__typename": "DateField",
              "typename": "DateField",
              "id": "D9CF14B1FA164BA69288E8A174D4D522",
              "name": "__Updated",
              "value": "20080513T165858:633462947382148874",
              "jsonValue": {
                "value": "2008-05-13T16:58:58.2148874Z"
              },
              "definition": {
                "__typename": "ItemTemplateField",
                "id": "D9CF14B1FA164BA69288E8A174D4D522",
                "type": "Datetime",
                "name": "__Updated",
                "section": "Statistics",
                "sectionSortOrder": 999999,
                "shared": false,
                "sortOrder": 400,
                "source": "",
                "title": "Updated",
                "unversioned": false
              }
            },
            {
              "__typename": "MultilistField",
              "typename": "MultilistField",
              "id": "A14F1B0C438449EC879028A440F3670C",
              "name": "__Semantics",
              "value": "",
              "jsonValue": [],
              "definition": {
                "__typename": "ItemTemplateField",
                "id": "A14F1B0C438449EC879028A440F3670C",
                "type": "Multilist with Search",
                "name": "__Semantics",
                "section": "Tagging",
                "sectionSortOrder": 999999,
                "shared": false,
                "sortOrder": 100,
                "source": "StartSearchLocation={154D56CC-0DE2-43C7-BBC0-A25BD7FFD901}\u0026Filter=_path:154d56cc0de243c7bbc0a25bd7ffd901|-_group:154d56cc0de243c7bbc0a25bd7ffd901",
                "title": "Semantics",
                "unversioned": false
              }
            }
          ]
        }
      ],
      "rendered": {
        "sitecore": {
          "context": {
            "pageEditing": false,
            "site": {
              "name": "website"
            },
            "pageState": "normal",
            "editMode": "chromes",
            "language": "en",
            "itemPath": "/"
          },
          "route": {
            "name": "Home",
            "displayName": "Home",
            "fields": {
              "Text": {
                "value": "\u003Cp style=\u0022line-height: 22px;\u0022\u003EFrom a single connected platform that also integrates with other customer-facing platforms, to a single view of the customer in a big data marketing repository, to completely eliminating much of the complexity that has previously held marketers back, the latest version of Sitecore makes customer experience highly achievable. Learn how the latest version of Sitecore gives marketers the complete data, integrated tools, and automation capabilities to engage customers throughout an iterative lifecycle \u0026ndash; the technology foundation absolutely necessary to win customers for life.\u003C/p\u003E\n\u003Cp\u003EFor further information, please go to the \u003Ca href=\u0022https://doc.sitecore.net/\u0022 target=\u0022_blank\u0022 title=\u0022Sitecore Documentation site\u0022\u003ESitecore Documentation site\u003C/a\u003E\u003C/p\u003E\r"
              },
              "Title": {
                "value": "Sitecore Experience Platform"
              }
            },
            "databaseName": "master",
            "deviceId": "fe5d7fdf-89c0-4d99-9aa3-b5fbd009c9f3",
            "itemId": "110d559f-dea5-42ea-9c1c-8a5df7e70ef9",
            "itemLanguage": "en",
            "itemVersion": 1,
            "layoutId": "14030e9f-ce92-49c6-ad87-7d49b50e42ea",
            "templateId": "76036f5e-cbce-46d1-af0a-4143f9b557aa",
            "templateName": "Sample Item",
            "placeholders": {}
          }
        }
      },
      "personalization": {
        "__typename": "ItemPersonalization",
        "variantIds": []
      }
    }
  }
}