{
  "siteInfoData": {
    "Name": "skateparkdemosite",
    "Dictionary": {
      "PageInfo": {
        "HasNext": false,
        "EndCursor": null
      },
      "Total": 0,
      "Results": []
    },
    "ErrorHandling": {
      "NotFoundPage": null,
      "NotFoundPagePath": "",
      "ServerErrorPage": null,
      "ServerErrorPagePath": ""
    },
    "Routes": {
      "PageInfo": {
        "HasNext": false,
        "EndCursor": "eyJzZWFyY2hBZnRlciI6WzE3NjIzMjc0NjAwMDAsIkRENTU1QTY4OEJGODRERkFCNjdGMDQwQkU3RDY1QzUxIiwiREQ1NTVBNjg4QkY4NERGQUI2N0YwNDBCRTdENjVDNTEiXSwiY291bnQiOjJ9"
      },
      "Total": 2,
      "Results": [
        {
          "Route": {
            "Id": "245D4C41AFA34329BBB415789A679E0A"
          },
          "RoutePath": "/About"
        },
        {
          "Route": {
            "Id": "DD555A688BF84DFAB67F040BE7D65C51"
          },
          "RoutePath": "/"
        }
      ]
    }
  }
}