{
  "siteInfoData": {
    "Name": "website",
    "Dictionary": {
      "PageInfo": {
        "HasNext": false,
        "EndCursor": null
      },
      "Total": 0,
      "Results": []
    },
    "ErrorHandling": {
      "NotFoundPage": null,
      "NotFoundPagePath": "/sitecore/service/notfound.aspx",
      "ServerErrorPage": null,
      "ServerErrorPagePath": "/sitecore/service/error.aspx"
    },
    "Routes": {
      "PageInfo": {
        "HasNext": false,
        "EndCursor": "eyJzZWFyY2hBZnRlciI6WzEyMDc1NjU5NDAwMDAsIjExMEQ1NTlGREVBNTQyRUE5QzFDOEE1REY3RTcwRUY5IiwiMTEwRDU1OUZERUE1NDJFQTlDMUM4QTVERjdFNzBFRjkiXSwiY291bnQiOjF9"
      },
      "Total": 1,
      "Results": [
        {
          "Route": {
            "Id": "110D559FDEA542EA9C1C8A5DF7E70EF9"
          },
          "RoutePath": "/"
        }
      ]
    }
  }
}