{
  "data": {
    "site": {
      "allSiteInfo": {
        "total": 2,
        "results": [
          {
            "name": "skateparkdemosite",
            "rootPath": "/sitecore/content/demosites/skateparkdemosite",
            "redirects": [],
            "hostname": "*",
            "language": "en",
            "robots": "User-agent: *\nDisallow: /\r\nSitemap: https://xmc-lomaxas18698-lomaxclouddb80-development4517.sitecorecloud.io/sitemap.xml\r\n",
            "sitemap": [
              "https://edge.sitecorecloud.io/lomaxas18698-lomaxclouddb80-development4517-1945/media/Project/demosites/skateparkdemosite/Sitemaps/skateparkdemosite/sitemap.xml"
            ],
            "attributes": [
              {
                "key": "database",
                "value": "master"
              },
              {
                "key": "dictionaryDomain",
                "value": "{ab2edd9c-e2fc-43be-ac54-e70af74abc18}"
              },
              {
                "key": "domain",
                "value": ""
              },
              {
                "key": "enableDebugger",
                "value": false
              },
              {
                "key": "enableFieldLanguageFallback",
                "value": false
              },
              {
                "key": "enableItemLanguageFallback",
                "value": false
              },
              {
                "key": "enablePreview",
                "value": true
              },
              {
                "key": "enableWebEdit",
                "value": true
              },
              {
                "key": "errorPageUrl",
                "value": null
              },
              {
                "key": "externalPort",
                "value": 443
              },
              {
                "key": "isInternal",
                "value": false
              },
              {
                "key": "itemNotFoundUrl",
                "value": null
              },
              {
                "key": "loginPage",
                "value": ""
              },
              {
                "key": "physicalFolder",
                "value": "/"
              },
              {
                "key": "port",
                "value": 0
              },
              {
                "key": "requireLogin",
                "value": false
              },
              {
                "key": "scheme",
                "value": "https"
              },
              {
                "key": "startItem",
                "value": "/Home"
              },
              {
                "key": "targetHostName",
                "value": ""
              },
              {
                "key": "virtualFolder",
                "value": "/"
              },
              {
                "key": "rootID",
                "value": "{F198CFAB-D262-4663-BF97-3BD3F847B591}"
              },
              {
                "key": "siteDefinitionID",
                "value": "{3FF04E0D-B82D-46AB-940C-96034287C9C7}"
              }
            ]
          },
          {
            "name": "website",
            "rootPath": "/sitecore/content",
            "redirects": [],
            "hostname": "",
            "language": "en",
            "robots": null,
            "sitemap": [],
            "attributes": [
              {
                "key": "database",
                "value": "master"
              },
              {
                "key": "dictionaryDomain",
                "value": ""
              },
              {
                "key": "domain",
                "value": "extranet"
              },
              {
                "key": "enableDebugger",
                "value": false
              },
              {
                "key": "enableFieldLanguageFallback",
                "value": false
              },
              {
                "key": "enableItemLanguageFallback",
                "value": false
              },
              {
                "key": "enablePreview",
                "value": true
              },
              {
                "key": "enableWebEdit",
                "value": true
              },
              {
                "key": "errorPageUrl",
                "value": null
              },
              {
                "key": "externalPort",
                "value": 443
              },
              {
                "key": "isInternal",
                "value": false
              },
              {
                "key": "itemNotFoundUrl",
                "value": null
              },
              {
                "key": "loginPage",
                "value": ""
              },
              {
                "key": "physicalFolder",
                "value": "/"
              },
              {
                "key": "port",
                "value": 0
              },
              {
                "key": "requireLogin",
                "value": false
              },
              {
                "key": "scheme",
                "value": "https"
              },
              {
                "key": "startItem",
                "value": "/home"
              },
              {
                "key": "targetHostName",
                "value": ""
              },
              {
                "key": "virtualFolder",
                "value": "/"
              }
            ]
          }
        ]
      }
    }
  }
}